{
  "avg_loss_per_byte": 1.5907140830650432,
  "bits_per_byte": 2.2949153191101725,
  "num_samples": 100,
  "perplexity": 4.907251862935856,
  "total_bytes": 405345
}
