{
  "avg_loss_per_byte": 1.2080474657390619,
  "bits_per_byte": 1.7428440879802245,
  "num_samples": 100,
  "perplexity": 3.346943247108709,
  "total_bytes": 405345
}
